,glnno,kalfaad,barcode,created_at,Ürün Adı,Ana Kategori,Alt Kategori 1,Alt Kategori 2,KAT,Eczane adı,Danısman X (devIr),boro,İlçe,latitude,longitude,Firma
0,8680001374199,Oluşturulmuş Şifre,8690742310677,2022-02-13 22:56:09,CANPED EMICI KULOT BUYUK 8 LI                          ,Medikal,Hastane ve Hasta Bakım Ürünleri,Diğer Ürünler,1736147,ASLI,OZEN KAYA,İzmir,SEFERIHISAR,38.1950434188733,26.8367456667249,ONTEX TÜKETİM
1,8680001374199,Oluşturulmuş Şifre,8690742310677,2022-02-13 22:56:09,CANPED EMICI KULOT BUYUK 8 LI                          ,Medikal,Hastane ve Hasta Bakım Ürünleri,Diğer Ürünler,1736147,ASLI,OZEN KAYA,İzmir,SEFERIHISAR,38.1950434188733,26.8367456667249,ONTEX TÜKETİM
2,8680001374199,Oluşturulmuş Şifre,8690742310677,2022-02-15 09:52:02,CANPED EMICI KULOT BUYUK 8 LI                          ,Medikal,Hastane ve Hasta Bakım Ürünleri,Diğer Ürünler,1736147,ASLI,OZEN KAYA,İzmir,SEFERIHISAR,38.1950434188733,26.8367456667249,ONTEX TÜKETİM
3,8680001374199,Oluşturulmuş Şifre,8690742310677,2022-02-24 14:37:56,CANPED EMICI KULOT BUYUK 8 LI                          ,Medikal,Hastane ve Hasta Bakım Ürünleri,Diğer Ürünler,1736147,ASLI,OZEN KAYA,İzmir,SEFERIHISAR,38.1950434188733,26.8367456667249,ONTEX TÜKETİM
4,8680001374199,Oluşturulmuş Şifre,8690742310677,2022-03-08 10:35:05,CANPED EMICI KULOT BUYUK 8 LI                          ,Medikal,Hastane ve Hasta Bakım Ürünleri,Diğer Ürünler,1736147,ASLI,OZEN KAYA,İzmir,SEFERIHISAR,38.1950434188733,26.8367456667249,ONTEX TÜKETİM
5,8680001374199,Oluşturulmuş Şifre,8690742310677,2022-06-22 19:31:44,CANPED EMICI KULOT BUYUK 8 LI                          ,Medikal,Hastane ve Hasta Bakım Ürünleri,Diğer Ürünler,1736147,ASLI,OZEN KAYA,İzmir,SEFERIHISAR,38.1950434188733,26.8367456667249,ONTEX TÜKETİM
6,8680001374199,Oluşturulmuş Şifre,8690742310677,2022-06-24 10:04:39,CANPED EMICI KULOT BUYUK 8 LI                          ,Medikal,Hastane ve Hasta Bakım Ürünleri,Diğer Ürünler,1736147,ASLI,OZEN KAYA,İzmir,SEFERIHISAR,38.1950434188733,26.8367456667249,ONTEX TÜKETİM
7,8680001374199,Oluşturulmuş Şifre,8690742310677,2022-06-29 14:22:25,CANPED EMICI KULOT BUYUK 8 LI                          ,Medikal,Hastane ve Hasta Bakım Ürünleri,Diğer Ürünler,1736147,ASLI,OZEN KAYA,İzmir,SEFERIHISAR,38.1950434188733,26.8367456667249,ONTEX TÜKETİM
8,8680001374199,Oluşturulmuş Şifre,8690742310677,2022-08-06 12:27:33,CANPED EMICI KULOT BUYUK 8 LI                          ,Medikal,Hastane ve Hasta Bakım Ürünleri,Diğer Ürünler,1736147,ASLI,OZEN KAYA,İzmir,SEFERIHISAR,38.1950434188733,26.8367456667249,ONTEX TÜKETİM
9,8680001374199,Oluşturulmuş Şifre,8690742310677,2022-08-06 17:27:06,CANPED EMICI KULOT BUYUK 8 LI                          ,Medikal,Hastane ve Hasta Bakım Ürünleri,Diğer Ürünler,1736147,ASLI,OZEN KAYA,İzmir,SEFERIHISAR,38.1950434188733,26.8367456667249,ONTEX TÜKETİM
10,8680001374199,Oluşturulmuş Şifre,8690742310677,2022-08-06 17:27:06,CANPED EMICI KULOT BUYUK 8 LI                          ,Medikal,Hastane ve Hasta Bakım Ürünleri,Diğer Ürünler,1736147,ASLI,OZEN KAYA,İzmir,SEFERIHISAR,38.1950434188733,26.8367456667249,ONTEX TÜKETİM
11,8680001374199,Oluşturulmuş Şifre,8699512820040,2022-03-09 13:39:22,TUBA NASIR YAKISI                                      ,Vücut Bakımı,Ayak Bakımı,Ayak Kremi,2015107,ASLI,OZEN KAYA,İzmir,SEFERIHISAR,38.1950434188733,26.8367456667249,KURTSAN ILAC   
12,8680001374199,Oluşturulmuş Şifre,8699512820040,2022-03-14 16:01:34,TUBA NASIR YAKISI                                      ,Vücut Bakımı,Ayak Bakımı,Ayak Kremi,2015107,ASLI,OZEN KAYA,İzmir,SEFERIHISAR,38.1950434188733,26.8367456667249,KURTSAN ILAC   
13,8680001374199,Oluşturulmuş Şifre,8699512820040,2022-03-29 15:56:06,TUBA NASIR YAKISI                                      ,Vücut Bakımı,Ayak Bakımı,Ayak Kremi,2015107,ASLI,OZEN KAYA,İzmir,SEFERIHISAR,38.1950434188733,26.8367456667249,KURTSAN ILAC   
14,8680001374199,Oluşturulmuş Şifre,8699512820040,2022-03-30 14:21:36,TUBA NASIR YAKISI                                      ,Vücut Bakımı,Ayak Bakımı,Ayak Kremi,2015107,ASLI,OZEN KAYA,İzmir,SEFERIHISAR,38.1950434188733,26.8367456667249,KURTSAN ILAC   
15,8680001374199,Oluşturulmuş Şifre,8699512820040,2022-04-02 15:01:11,TUBA NASIR YAKISI                                      ,Vücut Bakımı,Ayak Bakımı,Ayak Kremi,2015107,ASLI,OZEN KAYA,İzmir,SEFERIHISAR,38.1950434188733,26.8367456667249,KURTSAN ILAC   
16,8680001374199,Oluşturulmuş Şifre,8699512820040,2022-06-11 16:04:27,TUBA NASIR YAKISI                                      ,Vücut Bakımı,Ayak Bakımı,Ayak Kremi,2015107,ASLI,OZEN KAYA,İzmir,SEFERIHISAR,38.1950434188733,26.8367456667249,KURTSAN ILAC   
17,8680001374199,Oluşturulmuş Şifre,8699512820040,2022-06-29 17:52:05,TUBA NASIR YAKISI                                      ,Vücut Bakımı,Ayak Bakımı,Ayak Kremi,2015107,ASLI,OZEN KAYA,İzmir,SEFERIHISAR,38.1950434188733,26.8367456667249,KURTSAN ILAC   
18,8680001374199,Oluşturulmuş Şifre,8699512820040,2022-07-01 17:47:07,TUBA NASIR YAKISI                                      ,Vücut Bakımı,Ayak Bakımı,Ayak Kremi,2015107,ASLI,OZEN KAYA,İzmir,SEFERIHISAR,38.1950434188733,26.8367456667249,KURTSAN ILAC   
19,8680001374199,Oluşturulmuş Şifre,8699512820040,2022-07-04 11:22:16,TUBA NASIR YAKISI                                      ,Vücut Bakımı,Ayak Bakımı,Ayak Kremi,2015107,ASLI,OZEN KAYA,İzmir,SEFERIHISAR,38.1950434188733,26.8367456667249,KURTSAN ILAC   
20,8680001374199,Crossist,8699512820040,2022-07-07 17:22:05,TUBA NASIR YAKISI                                      ,Vücut Bakımı,Ayak Bakımı,Ayak Kremi,2015107,ASLI,OZEN KAYA,İzmir,SEFERIHISAR,38.1950434188733,26.8367456667249,KURTSAN ILAC   
21,8680001374199,Oluşturulmuş Şifre,8699512820040,2022-07-13 15:52:55,TUBA NASIR YAKISI                                      ,Vücut Bakımı,Ayak Bakımı,Ayak Kremi,2015107,ASLI,OZEN KAYA,İzmir,SEFERIHISAR,38.1950434188733,26.8367456667249,KURTSAN ILAC   
22,8680001374199,Oluşturulmuş Şifre,8699512820040,2022-07-18 17:07:50,TUBA NASIR YAKISI                                      ,Vücut Bakımı,Ayak Bakımı,Ayak Kremi,2015107,ASLI,OZEN KAYA,İzmir,SEFERIHISAR,38.1950434188733,26.8367456667249,KURTSAN ILAC   
23,8680001374199,Oluşturulmuş Şifre,8699512820040,2022-07-19 12:05:10,TUBA NASIR YAKISI                                      ,Vücut Bakımı,Ayak Bakımı,Ayak Kremi,2015107,ASLI,OZEN KAYA,İzmir,SEFERIHISAR,38.1950434188733,26.8367456667249,KURTSAN ILAC   
24,8680001374199,Oluşturulmuş Şifre,8699512820040,2022-07-20 08:52:14,TUBA NASIR YAKISI                                      ,Vücut Bakımı,Ayak Bakımı,Ayak Kremi,2015107,ASLI,OZEN KAYA,İzmir,SEFERIHISAR,38.1950434188733,26.8367456667249,KURTSAN ILAC   
25,8680001374199,Oluşturulmuş Şifre,8699512820040,2022-07-21 17:44:20,TUBA NASIR YAKISI                                      ,Vücut Bakımı,Ayak Bakımı,Ayak Kremi,2015107,ASLI,OZEN KAYA,İzmir,SEFERIHISAR,38.1950434188733,26.8367456667249,KURTSAN ILAC   
26,8680001374199,Oluşturulmuş Şifre,8699512820040,2022-07-26 11:39:16,TUBA NASIR YAKISI                                      ,Vücut Bakımı,Ayak Bakımı,Ayak Kremi,2015107,ASLI,OZEN KAYA,İzmir,SEFERIHISAR,38.1950434188733,26.8367456667249,KURTSAN ILAC   
27,8680001374199,Oluşturulmuş Şifre,8699512820040,2022-07-27 22:54:59,TUBA NASIR YAKISI                                      ,Vücut Bakımı,Ayak Bakımı,Ayak Kremi,2015107,ASLI,OZEN KAYA,İzmir,SEFERIHISAR,38.1950434188733,26.8367456667249,KURTSAN ILAC   
28,8680001374199,Oluşturulmuş Şifre,8699512820040,2022-07-29 14:48:30,TUBA NASIR YAKISI                                      ,Vücut Bakımı,Ayak Bakımı,Ayak Kremi,2015107,ASLI,OZEN KAYA,İzmir,SEFERIHISAR,38.1950434188733,26.8367456667249,KURTSAN ILAC   
29,8680001374199,Oluşturulmuş Şifre,8699512820040,2022-08-01 18:56:20,TUBA NASIR YAKISI                                      ,Vücut Bakımı,Ayak Bakımı,Ayak Kremi,2015107,ASLI,OZEN KAYA,İzmir,SEFERIHISAR,38.1950434188733,26.8367456667249,KURTSAN ILAC   
30,8680001374199,Oluşturulmuş Şifre,8699512820040,2022-08-03 10:51:39,TUBA NASIR YAKISI                                      ,Vücut Bakımı,Ayak Bakımı,Ayak Kremi,2015107,ASLI,OZEN KAYA,İzmir,SEFERIHISAR,38.1950434188733,26.8367456667249,KURTSAN ILAC   
31,8680001374199,Oluşturulmuş Şifre,8699512820040,2022-08-03 14:47:06,TUBA NASIR YAKISI                                      ,Vücut Bakımı,Ayak Bakımı,Ayak Kremi,2015107,ASLI,OZEN KAYA,İzmir,SEFERIHISAR,38.1950434188733,26.8367456667249,KURTSAN ILAC   
32,8680001374199,Oluşturulmuş Şifre,8699512820040,2022-08-09 12:14:29,TUBA NASIR YAKISI                                      ,Vücut Bakımı,Ayak Bakımı,Ayak Kremi,2015107,ASLI,OZEN KAYA,İzmir,SEFERIHISAR,38.1950434188733,26.8367456667249,KURTSAN ILAC   
33,8680001374199,Oluşturulmuş Şifre,8699512820040,2022-08-11 11:32:41,TUBA NASIR YAKISI                                      ,Vücut Bakımı,Ayak Bakımı,Ayak Kremi,2015107,ASLI,OZEN KAYA,İzmir,SEFERIHISAR,38.1950434188733,26.8367456667249,KURTSAN ILAC   
34,8680001374199,Oluşturulmuş Şifre,8699512820040,2022-08-13 18:47:05,TUBA NASIR YAKISI                                      ,Vücut Bakımı,Ayak Bakımı,Ayak Kremi,2015107,ASLI,OZEN KAYA,İzmir,SEFERIHISAR,38.1950434188733,26.8367456667249,KURTSAN ILAC   
35,8680001374199,Oluşturulmuş Şifre,8699512820040,2022-08-18 17:41:11,TUBA NASIR YAKISI                                      ,Vücut Bakımı,Ayak Bakımı,Ayak Kremi,2015107,ASLI,OZEN KAYA,İzmir,SEFERIHISAR,38.1950434188733,26.8367456667249,KURTSAN ILAC   
36,8680001374199,Oluşturulmuş Şifre,8699512820040,2022-08-19 12:31:46,TUBA NASIR YAKISI                                      ,Vücut Bakımı,Ayak Bakımı,Ayak Kremi,2015107,ASLI,OZEN KAYA,İzmir,SEFERIHISAR,38.1950434188733,26.8367456667249,KURTSAN ILAC   
37,8680001374199,Oluşturulmuş Şifre,8699512820040,2022-08-19 14:37:29,TUBA NASIR YAKISI                                      ,Vücut Bakımı,Ayak Bakımı,Ayak Kremi,2015107,ASLI,OZEN KAYA,İzmir,SEFERIHISAR,38.1950434188733,26.8367456667249,KURTSAN ILAC   
38,8680001374199,Oluşturulmuş Şifre,8699512820040,2022-09-05 14:33:25,TUBA NASIR YAKISI                                      ,Vücut Bakımı,Ayak Bakımı,Ayak Kremi,2015107,ASLI,OZEN KAYA,İzmir,SEFERIHISAR,38.1950434188733,26.8367456667249,KURTSAN ILAC   
39,8680001374199,Oluşturulmuş Şifre,8699512820040,2022-09-05 15:47:45,TUBA NASIR YAKISI                                      ,Vücut Bakımı,Ayak Bakımı,Ayak Kremi,2015107,ASLI,OZEN KAYA,İzmir,SEFERIHISAR,38.1950434188733,26.8367456667249,KURTSAN ILAC   
40,8680001374199,Oluşturulmuş Şifre,8699512820040,2022-09-06 18:13:39,TUBA NASIR YAKISI                                      ,Vücut Bakımı,Ayak Bakımı,Ayak Kremi,2015107,ASLI,OZEN KAYA,İzmir,SEFERIHISAR,38.1950434188733,26.8367456667249,KURTSAN ILAC   
41,8680001374199,Oluşturulmuş Şifre,8699512820040,2022-09-08 18:16:30,TUBA NASIR YAKISI                                      ,Vücut Bakımı,Ayak Bakımı,Ayak Kremi,2015107,ASLI,OZEN KAYA,İzmir,SEFERIHISAR,38.1950434188733,26.8367456667249,KURTSAN ILAC   
42,8680001374199,Oluşturulmuş Şifre,8699512820040,2022-09-13 21:07:10,TUBA NASIR YAKISI                                      ,Vücut Bakımı,Ayak Bakımı,Ayak Kremi,2015107,ASLI,OZEN KAYA,İzmir,SEFERIHISAR,38.1950434188733,26.8367456667249,KURTSAN ILAC   
43,8680001374199,Oluşturulmuş Şifre,8699512820040,2022-09-15 14:37:13,TUBA NASIR YAKISI                                      ,Vücut Bakımı,Ayak Bakımı,Ayak Kremi,2015107,ASLI,OZEN KAYA,İzmir,SEFERIHISAR,38.1950434188733,26.8367456667249,KURTSAN ILAC   
44,8680001374199,Oluşturulmuş Şifre,8699512820040,2022-09-16 17:41:40,TUBA NASIR YAKISI                                      ,Vücut Bakımı,Ayak Bakımı,Ayak Kremi,2015107,ASLI,OZEN KAYA,İzmir,SEFERIHISAR,38.1950434188733,26.8367456667249,KURTSAN ILAC   
45,8680001374199,Oluşturulmuş Şifre,8699512820040,2023-01-26 14:53:36,TUBA NASIR YAKISI                                      ,Vücut Bakımı,Ayak Bakımı,Ayak Kremi,2015107,ASLI,OZEN KAYA,İzmir,SEFERIHISAR,38.1950434188733,26.8367456667249,KURTSAN ILAC   
46,8680001374199,Oluşturulmuş Şifre,8699512820040,2023-01-26 14:58:46,TUBA NASIR YAKISI                                      ,Vücut Bakımı,Ayak Bakımı,Ayak Kremi,2015107,ASLI,OZEN KAYA,İzmir,SEFERIHISAR,38.1950434188733,26.8367456667249,KURTSAN ILAC   
47,8680001374199,Oluşturulmuş Şifre,8699512820040,2023-01-30 14:53:38,TUBA NASIR YAKISI                                      ,Vücut Bakımı,Ayak Bakımı,Ayak Kremi,2015107,ASLI,OZEN KAYA,İzmir,SEFERIHISAR,38.1950434188733,26.8367456667249,KURTSAN ILAC   
48,8680001374199,Oluşturulmuş Şifre,8699512820040,2023-01-30 15:08:17,TUBA NASIR YAKISI                                      ,Vücut Bakımı,Ayak Bakımı,Ayak Kremi,2015107,ASLI,OZEN KAYA,İzmir,SEFERIHISAR,38.1950434188733,26.8367456667249,KURTSAN ILAC   
49,8680001374199,Oluşturulmuş Şifre,8699512820040,2023-02-01 11:01:09,TUBA NASIR YAKISI                                      ,Vücut Bakımı,Ayak Bakımı,Ayak Kremi,2015107,ASLI,OZEN KAYA,İzmir,SEFERIHISAR,38.1950434188733,26.8367456667249,KURTSAN ILAC   
50,8680001374199,Crossist,8699512820040,2023-03-23 17:21:21,TUBA NASIR YAKISI                                      ,Vücut Bakımı,Ayak Bakımı,Ayak Kremi,2015107,ASLI,OZEN KAYA,İzmir,SEFERIHISAR,38.1950434188733,26.8367456667249,KURTSAN ILAC   
51,8680001374199,Oluşturulmuş Şifre,8699512820040,2023-03-24 09:27:47,TUBA NASIR YAKISI                                      ,Vücut Bakımı,Ayak Bakımı,Ayak Kremi,2015107,ASLI,OZEN KAYA,İzmir,SEFERIHISAR,38.1950434188733,26.8367456667249,KURTSAN ILAC   
52,8680001374199,Oluşturulmuş Şifre,8699512820040,2023-03-24 16:51:42,TUBA NASIR YAKISI                                      ,Vücut Bakımı,Ayak Bakımı,Ayak Kremi,2015107,ASLI,OZEN KAYA,İzmir,SEFERIHISAR,38.1950434188733,26.8367456667249,KURTSAN ILAC   
53,8680001374199,Oluşturulmuş Şifre,8699512820040,2023-03-27 15:31:23,TUBA NASIR YAKISI                                      ,Vücut Bakımı,Ayak Bakımı,Ayak Kremi,2015107,ASLI,OZEN KAYA,İzmir,SEFERIHISAR,38.1950434188733,26.8367456667249,KURTSAN ILAC   
54,8680001374199,Oluşturulmuş Şifre,8699512820040,2023-03-31 11:17:41,TUBA NASIR YAKISI                                      ,Vücut Bakımı,Ayak Bakımı,Ayak Kremi,2015107,ASLI,OZEN KAYA,İzmir,SEFERIHISAR,38.1950434188733,26.8367456667249,KURTSAN ILAC   
55,8680001374199,Oluşturulmuş Şifre,8699512820040,2023-04-11 17:38:17,TUBA NASIR YAKISI                                      ,Vücut Bakımı,Ayak Bakımı,Ayak Kremi,2015107,ASLI,OZEN KAYA,İzmir,SEFERIHISAR,38.1950434188733,26.8367456667249,KURTSAN ILAC   
56,8680001374199,Oluşturulmuş Şifre,8699512820040,2023-04-14 14:47:43,TUBA NASIR YAKISI                                      ,Vücut Bakımı,Ayak Bakımı,Ayak Kremi,2015107,ASLI,OZEN KAYA,İzmir,SEFERIHISAR,38.1950434188733,26.8367456667249,KURTSAN ILAC   
57,8680001374199,Oluşturulmuş Şifre,8699512820040,2023-04-17 19:27:34,TUBA NASIR YAKISI                                      ,Vücut Bakımı,Ayak Bakımı,Ayak Kremi,2015107,ASLI,OZEN KAYA,İzmir,SEFERIHISAR,38.1950434188733,26.8367456667249,KURTSAN ILAC   
58,8680001374199,Oluşturulmuş Şifre,8699512820040,2023-04-26 18:21:01,TUBA NASIR YAKISI                                      ,Vücut Bakımı,Ayak Bakımı,Ayak Kremi,2015107,ASLI,OZEN KAYA,İzmir,SEFERIHISAR,38.1950434188733,26.8367456667249,KURTSAN ILAC   
59,8680001374199,Oluşturulmuş Şifre,8699512820040,2023-04-27 09:24:27,TUBA NASIR YAKISI                                      ,Vücut Bakımı,Ayak Bakımı,Ayak Kremi,2015107,ASLI,OZEN KAYA,İzmir,SEFERIHISAR,38.1950434188733,26.8367456667249,KURTSAN ILAC   
60,8680001374199,Oluşturulmuş Şifre,8699512820040,2023-04-28 16:29:50,TUBA NASIR YAKISI                                      ,Vücut Bakımı,Ayak Bakımı,Ayak Kremi,2015107,ASLI,OZEN KAYA,İzmir,SEFERIHISAR,38.1950434188733,26.8367456667249,KURTSAN ILAC   
61,8680001374199,Oluşturulmuş Şifre,8699512820040,2023-05-03 15:39:56,TUBA NASIR YAKISI                                      ,Vücut Bakımı,Ayak Bakımı,Ayak Kremi,2015107,ASLI,OZEN KAYA,İzmir,SEFERIHISAR,38.1950434188733,26.8367456667249,KURTSAN ILAC   
62,8680001374199,Oluşturulmuş Şifre,8699512820040,2023-05-04 16:07:29,TUBA NASIR YAKISI                                      ,Vücut Bakımı,Ayak Bakımı,Ayak Kremi,2015107,ASLI,OZEN KAYA,İzmir,SEFERIHISAR,38.1950434188733,26.8367456667249,KURTSAN ILAC   
63,8680001374199,Oluşturulmuş Şifre,8699512820040,2023-05-04 16:07:30,TUBA NASIR YAKISI                                      ,Vücut Bakımı,Ayak Bakımı,Ayak Kremi,2015107,ASLI,OZEN KAYA,İzmir,SEFERIHISAR,38.1950434188733,26.8367456667249,KURTSAN ILAC   
64,8680001374199,Oluşturulmuş Şifre,8699512820040,2023-05-08 10:44:47,TUBA NASIR YAKISI                                      ,Vücut Bakımı,Ayak Bakımı,Ayak Kremi,2015107,ASLI,OZEN KAYA,İzmir,SEFERIHISAR,38.1950434188733,26.8367456667249,KURTSAN ILAC   
65,8680001374199,Oluşturulmuş Şifre,8699512820040,2023-05-09 16:36:20,TUBA NASIR YAKISI                                      ,Vücut Bakımı,Ayak Bakımı,Ayak Kremi,2015107,ASLI,OZEN KAYA,İzmir,SEFERIHISAR,38.1950434188733,26.8367456667249,KURTSAN ILAC   
66,8680001374199,Oluşturulmuş Şifre,8699512820040,2023-05-09 16:48:03,TUBA NASIR YAKISI                                      ,Vücut Bakımı,Ayak Bakımı,Ayak Kremi,2015107,ASLI,OZEN KAYA,İzmir,SEFERIHISAR,38.1950434188733,26.8367456667249,KURTSAN ILAC   
67,8680001374199,Oluşturulmuş Şifre,8699512820040,2023-05-11 18:09:58,TUBA NASIR YAKISI                                      ,Vücut Bakımı,Ayak Bakımı,Ayak Kremi,2015107,ASLI,OZEN KAYA,İzmir,SEFERIHISAR,38.1950434188733,26.8367456667249,KURTSAN ILAC   
68,8680001374199,Oluşturulmuş Şifre,8699512820040,2023-05-15 16:39:38,TUBA NASIR YAKISI                                      ,Vücut Bakımı,Ayak Bakımı,Ayak Kremi,2015107,ASLI,OZEN KAYA,İzmir,SEFERIHISAR,38.1950434188733,26.8367456667249,KURTSAN ILAC   
69,8680001374199,Oluşturulmuş Şifre,8699512820040,2023-05-19 15:21:41,TUBA NASIR YAKISI                                      ,Vücut Bakımı,Ayak Bakımı,Ayak Kremi,2015107,ASLI,OZEN KAYA,İzmir,SEFERIHISAR,38.1950434188733,26.8367456667249,KURTSAN ILAC   
70,8680001374199,Oluşturulmuş Şifre,8699512820040,2023-05-19 15:43:43,TUBA NASIR YAKISI                                      ,Vücut Bakımı,Ayak Bakımı,Ayak Kremi,2015107,ASLI,OZEN KAYA,İzmir,SEFERIHISAR,38.1950434188733,26.8367456667249,KURTSAN ILAC   
71,8680001374199,Oluşturulmuş Şifre,8699512820040,2023-05-20 13:01:37,TUBA NASIR YAKISI                                      ,Vücut Bakımı,Ayak Bakımı,Ayak Kremi,2015107,ASLI,OZEN KAYA,İzmir,SEFERIHISAR,38.1950434188733,26.8367456667249,KURTSAN ILAC   
72,8680001374199,Oluşturulmuş Şifre,8699512820040,2023-05-25 10:11:00,TUBA NASIR YAKISI                                      ,Vücut Bakımı,Ayak Bakımı,Ayak Kremi,2015107,ASLI,OZEN KAYA,İzmir,SEFERIHISAR,38.1950434188733,26.8367456667249,KURTSAN ILAC   
73,8680001374199,Oluşturulmuş Şifre,8699512820040,2023-05-25 10:11:00,TUBA NASIR YAKISI                                      ,Vücut Bakımı,Ayak Bakımı,Ayak Kremi,2015107,ASLI,OZEN KAYA,İzmir,SEFERIHISAR,38.1950434188733,26.8367456667249,KURTSAN ILAC   
74,8680001374199,Oluşturulmuş Şifre,8699512820040,2023-05-30 15:30:35,TUBA NASIR YAKISI                                      ,Vücut Bakımı,Ayak Bakımı,Ayak Kremi,2015107,ASLI,OZEN KAYA,İzmir,SEFERIHISAR,38.1950434188733,26.8367456667249,KURTSAN ILAC   
75,8680001374199,Oluşturulmuş Şifre,8699512820040,2023-06-01 15:57:58,TUBA NASIR YAKISI                                      ,Vücut Bakımı,Ayak Bakımı,Ayak Kremi,2015107,ASLI,OZEN KAYA,İzmir,SEFERIHISAR,38.1950434188733,26.8367456667249,KURTSAN ILAC   
76,8680001374199,Oluşturulmuş Şifre,8699512820040,2023-06-06 19:22:18,TUBA NASIR YAKISI                                      ,Vücut Bakımı,Ayak Bakımı,Ayak Kremi,2015107,ASLI,OZEN KAYA,İzmir,SEFERIHISAR,38.1950434188733,26.8367456667249,KURTSAN ILAC   
77,8680001374199,Oluşturulmuş Şifre,8699512820040,2023-06-09 09:36:40,TUBA NASIR YAKISI                                      ,Vücut Bakımı,Ayak Bakımı,Ayak Kremi,2015107,ASLI,OZEN KAYA,İzmir,SEFERIHISAR,38.1950434188733,26.8367456667249,KURTSAN ILAC   
78,8680001374199,Oluşturulmuş Şifre,8699512820040,2022-09-20 14:47:09,TUBA NASIR YAKISI                                      ,Vücut Bakımı,Ayak Bakımı,Ayak Kremi,2015107,ASLI,OZEN KAYA,İzmir,SEFERIHISAR,38.1950434188733,26.8367456667249,KURTSAN ILAC   
79,8680001374199,Oluşturulmuş Şifre,8699512820040,2022-10-12 17:12:27,TUBA NASIR YAKISI                                      ,Vücut Bakımı,Ayak Bakımı,Ayak Kremi,2015107,ASLI,OZEN KAYA,İzmir,SEFERIHISAR,38.1950434188733,26.8367456667249,KURTSAN ILAC   
80,8680001374199,Oluşturulmuş Şifre,8699512820040,2022-10-12 17:24:21,TUBA NASIR YAKISI                                      ,Vücut Bakımı,Ayak Bakımı,Ayak Kremi,2015107,ASLI,OZEN KAYA,İzmir,SEFERIHISAR,38.1950434188733,26.8367456667249,KURTSAN ILAC   
81,8680001374199,Oluşturulmuş Şifre,8699512820040,2022-10-24 11:16:13,TUBA NASIR YAKISI                                      ,Vücut Bakımı,Ayak Bakımı,Ayak Kremi,2015107,ASLI,OZEN KAYA,İzmir,SEFERIHISAR,38.1950434188733,26.8367456667249,KURTSAN ILAC   
82,8680001374199,Oluşturulmuş Şifre,8699512820040,2022-10-26 16:56:54,TUBA NASIR YAKISI                                      ,Vücut Bakımı,Ayak Bakımı,Ayak Kremi,2015107,ASLI,OZEN KAYA,İzmir,SEFERIHISAR,38.1950434188733,26.8367456667249,KURTSAN ILAC   
83,8680001374199,Oluşturulmuş Şifre,8699512820040,2022-10-28 16:09:40,TUBA NASIR YAKISI                                      ,Vücut Bakımı,Ayak Bakımı,Ayak Kremi,2015107,ASLI,OZEN KAYA,İzmir,SEFERIHISAR,38.1950434188733,26.8367456667249,KURTSAN ILAC   
84,8680001374199,Oluşturulmuş Şifre,8699512820040,2022-10-28 16:24:01,TUBA NASIR YAKISI                                      ,Vücut Bakımı,Ayak Bakımı,Ayak Kremi,2015107,ASLI,OZEN KAYA,İzmir,SEFERIHISAR,38.1950434188733,26.8367456667249,KURTSAN ILAC   
85,8680001374199,Oluşturulmuş Şifre,8699512820040,2022-10-31 18:33:46,TUBA NASIR YAKISI                                      ,Vücut Bakımı,Ayak Bakımı,Ayak Kremi,2015107,ASLI,OZEN KAYA,İzmir,SEFERIHISAR,38.1950434188733,26.8367456667249,KURTSAN ILAC   
86,8680001374199,Oluşturulmuş Şifre,8699512820040,2022-11-05 16:31:45,TUBA NASIR YAKISI                                      ,Vücut Bakımı,Ayak Bakımı,Ayak Kremi,2015107,ASLI,OZEN KAYA,İzmir,SEFERIHISAR,38.1950434188733,26.8367456667249,KURTSAN ILAC   
87,8680001374199,Oluşturulmuş Şifre,8699512820040,2022-11-09 15:33:20,TUBA NASIR YAKISI                                      ,Vücut Bakımı,Ayak Bakımı,Ayak Kremi,2015107,ASLI,OZEN KAYA,İzmir,SEFERIHISAR,38.1950434188733,26.8367456667249,KURTSAN ILAC   
88,8680001374199,Oluşturulmuş Şifre,8699512820040,2022-11-28 14:37:16,TUBA NASIR YAKISI                                      ,Vücut Bakımı,Ayak Bakımı,Ayak Kremi,2015107,ASLI,OZEN KAYA,İzmir,SEFERIHISAR,38.1950434188733,26.8367456667249,KURTSAN ILAC   
89,8680001374199,Oluşturulmuş Şifre,8699512820040,2022-12-05 15:28:16,TUBA NASIR YAKISI                                      ,Vücut Bakımı,Ayak Bakımı,Ayak Kremi,2015107,ASLI,OZEN KAYA,İzmir,SEFERIHISAR,38.1950434188733,26.8367456667249,KURTSAN ILAC   
90,8680001374199,Oluşturulmuş Şifre,8699512820040,2022-12-15 14:02:56,TUBA NASIR YAKISI                                      ,Vücut Bakımı,Ayak Bakımı,Ayak Kremi,2015107,ASLI,OZEN KAYA,İzmir,SEFERIHISAR,38.1950434188733,26.8367456667249,KURTSAN ILAC   
91,8680001374199,Oluşturulmuş Şifre,8699546340071,2022-04-06 18:03:26,BEPANTHOL ARINDIRICI JEL 200ML                         ,Vücut Bakımı,Onarıcı Bakım,Onarıcı Bakım Ürünleri,2043211,ASLI,OZEN KAYA,İzmir,SEFERIHISAR,38.1950434188733,26.8367456667249,BAYER CC       
92,8680001374199,Oluşturulmuş Şifre,8699546340071,2022-07-24 10:14:34,BEPANTHOL ARINDIRICI JEL 200ML                         ,Vücut Bakımı,Onarıcı Bakım,Onarıcı Bakım Ürünleri,2043211,ASLI,OZEN KAYA,İzmir,SEFERIHISAR,38.1950434188733,26.8367456667249,BAYER CC       
93,8680001374199,Oluşturulmuş Şifre,8699546340071,2022-07-24 10:14:34,BEPANTHOL ARINDIRICI JEL 200ML                         ,Vücut Bakımı,Onarıcı Bakım,Onarıcı Bakım Ürünleri,2043211,ASLI,OZEN KAYA,İzmir,SEFERIHISAR,38.1950434188733,26.8367456667249,BAYER CC       
94,8680001374199,Oluşturulmuş Şifre,8699546340071,2023-01-16 13:40:23,BEPANTHOL ARINDIRICI JEL 200ML                         ,Vücut Bakımı,Onarıcı Bakım,Onarıcı Bakım Ürünleri,2043211,ASLI,OZEN KAYA,İzmir,SEFERIHISAR,38.1950434188733,26.8367456667249,BAYER CC       
95,8680001374199,Oluşturulmuş Şifre,8699546340071,2023-01-21 09:23:34,BEPANTHOL ARINDIRICI JEL 200ML                         ,Vücut Bakımı,Onarıcı Bakım,Onarıcı Bakım Ürünleri,2043211,ASLI,OZEN KAYA,İzmir,SEFERIHISAR,38.1950434188733,26.8367456667249,BAYER CC       
96,8680001374199,Oluşturulmuş Şifre,8699546340071,2023-01-21 09:28:47,BEPANTHOL ARINDIRICI JEL 200ML                         ,Vücut Bakımı,Onarıcı Bakım,Onarıcı Bakım Ürünleri,2043211,ASLI,OZEN KAYA,İzmir,SEFERIHISAR,38.1950434188733,26.8367456667249,BAYER CC       
97,8680001374199,Oluşturulmuş Şifre,8699546340071,2023-01-30 16:20:49,BEPANTHOL ARINDIRICI JEL 200ML                         ,Vücut Bakımı,Onarıcı Bakım,Onarıcı Bakım Ürünleri,2043211,ASLI,OZEN KAYA,İzmir,SEFERIHISAR,38.1950434188733,26.8367456667249,BAYER CC       
98,8680001374199,Oluşturulmuş Şifre,8699546340071,2023-02-28 10:23:12,BEPANTHOL ARINDIRICI JEL 200ML                         ,Vücut Bakımı,Onarıcı Bakım,Onarıcı Bakım Ürünleri,2043211,ASLI,OZEN KAYA,İzmir,SEFERIHISAR,38.1950434188733,26.8367456667249,BAYER CC       
99,8680001374199,Oluşturulmuş Şifre,8699546340071,2023-03-05 23:38:26,BEPANTHOL ARINDIRICI JEL 200ML                         ,Vücut Bakımı,Onarıcı Bakım,Onarıcı Bakım Ürünleri,2043211,ASLI,OZEN KAYA,İzmir,SEFERIHISAR,38.1950434188733,26.8367456667249,BAYER CC       
100,8680001374199,Oluşturulmuş Şifre,8699546340071,2023-03-07 13:27:09,BEPANTHOL ARINDIRICI JEL 200ML                         ,Vücut Bakımı,Onarıcı Bakım,Onarıcı Bakım Ürünleri,2043211,ASLI,OZEN KAYA,İzmir,SEFERIHISAR,38.1950434188733,26.8367456667249,BAYER CC       
101,8680001374199,Oluşturulmuş Şifre,8699546340071,2023-03-31 13:12:56,BEPANTHOL ARINDIRICI JEL 200ML                         ,Vücut Bakımı,Onarıcı Bakım,Onarıcı Bakım Ürünleri,2043211,ASLI,OZEN KAYA,İzmir,SEFERIHISAR,38.1950434188733,26.8367456667249,BAYER CC       
102,8680001374199,Oluşturulmuş Şifre,8699546340071,2023-04-01 15:54:52,BEPANTHOL ARINDIRICI JEL 200ML                         ,Vücut Bakımı,Onarıcı Bakım,Onarıcı Bakım Ürünleri,2043211,ASLI,OZEN KAYA,İzmir,SEFERIHISAR,38.1950434188733,26.8367456667249,BAYER CC       
103,8680001374199,Oluşturulmuş Şifre,8699546340071,2023-05-05 16:07:22,BEPANTHOL ARINDIRICI JEL 200ML                         ,Vücut Bakımı,Onarıcı Bakım,Onarıcı Bakım Ürünleri,2043211,ASLI,OZEN KAYA,İzmir,SEFERIHISAR,38.1950434188733,26.8367456667249,BAYER CC       
104,8680001374199,Oluşturulmuş Şifre,8699546340071,2022-10-17 12:08:48,BEPANTHOL ARINDIRICI JEL 200ML                         ,Vücut Bakımı,Onarıcı Bakım,Onarıcı Bakım Ürünleri,2043211,ASLI,OZEN KAYA,İzmir,SEFERIHISAR,38.1950434188733,26.8367456667249,BAYER CC       
105,8680001374199,Oluşturulmuş Şifre,8699546340071,2022-10-27 17:55:52,BEPANTHOL ARINDIRICI JEL 200ML                         ,Vücut Bakımı,Onarıcı Bakım,Onarıcı Bakım Ürünleri,2043211,ASLI,OZEN KAYA,İzmir,SEFERIHISAR,38.1950434188733,26.8367456667249,BAYER CC       
106,8680001374199,Oluşturulmuş Şifre,8699546340071,2022-11-04 17:56:15,BEPANTHOL ARINDIRICI JEL 200ML                         ,Vücut Bakımı,Onarıcı Bakım,Onarıcı Bakım Ürünleri,2043211,ASLI,OZEN KAYA,İzmir,SEFERIHISAR,38.1950434188733,26.8367456667249,BAYER CC       
107,8680001374199,Oluşturulmuş Şifre,8699546340071,2022-11-04 17:56:16,BEPANTHOL ARINDIRICI JEL 200ML                         ,Vücut Bakımı,Onarıcı Bakım,Onarıcı Bakım Ürünleri,2043211,ASLI,OZEN KAYA,İzmir,SEFERIHISAR,38.1950434188733,26.8367456667249,BAYER CC       
108,8680001374199,Oluşturulmuş Şifre,8699546340071,2022-11-17 15:07:59,BEPANTHOL ARINDIRICI JEL 200ML                         ,Vücut Bakımı,Onarıcı Bakım,Onarıcı Bakım Ürünleri,2043211,ASLI,OZEN KAYA,İzmir,SEFERIHISAR,38.1950434188733,26.8367456667249,BAYER CC       
109,8680001374199,Oluşturulmuş Şifre,8699546340071,2022-12-30 16:58:55,BEPANTHOL ARINDIRICI JEL 200ML                         ,Vücut Bakımı,Onarıcı Bakım,Onarıcı Bakım Ürünleri,2043211,ASLI,OZEN KAYA,İzmir,SEFERIHISAR,38.1950434188733,26.8367456667249,BAYER CC       
110,8680001374199,Oluşturulmuş Şifre,8699514570332,2022-02-28 16:54:32,GRINTUSS PEDIATRIC SURUP                               ,Vitaminler,Diğer Takviyeler,Diğer Gıda Takviyeleri,1923144,ASLI,OZEN KAYA,İzmir,SEFERIHISAR,38.1950434188733,26.8367456667249,ABDI IBRAHIM   
111,8680001374199,Oluşturulmuş Şifre,8699514570332,2022-04-05 17:44:06,GRINTUSS PEDIATRIC SURUP                               ,Vitaminler,Diğer Takviyeler,Diğer Gıda Takviyeleri,1923144,ASLI,OZEN KAYA,İzmir,SEFERIHISAR,38.1950434188733,26.8367456667249,ABDI IBRAHIM   
112,8680001374199,Oluşturulmuş Şifre,8699514570332,2022-04-05 18:24:43,GRINTUSS PEDIATRIC SURUP                               ,Vitaminler,Diğer Takviyeler,Diğer Gıda Takviyeleri,1923144,ASLI,OZEN KAYA,İzmir,SEFERIHISAR,38.1950434188733,26.8367456667249,ABDI IBRAHIM   
113,8680001374199,Oluşturulmuş Şifre,8699514570332,2022-06-15 14:51:37,GRINTUSS PEDIATRIC SURUP                               ,Vitaminler,Diğer Takviyeler,Diğer Gıda Takviyeleri,1923144,ASLI,OZEN KAYA,İzmir,SEFERIHISAR,38.1950434188733,26.8367456667249,ABDI IBRAHIM   
114,8680001374199,Oluşturulmuş Şifre,8699514570332,2022-06-22 12:17:14,GRINTUSS PEDIATRIC SURUP                               ,Vitaminler,Diğer Takviyeler,Diğer Gıda Takviyeleri,1923144,ASLI,OZEN KAYA,İzmir,SEFERIHISAR,38.1950434188733,26.8367456667249,ABDI IBRAHIM   
115,8680001374199,Crossist,8699514570332,2022-07-08 08:11:38,GRINTUSS PEDIATRIC SURUP                               ,Vitaminler,Diğer Takviyeler,Diğer Gıda Takviyeleri,1923144,ASLI,OZEN KAYA,İzmir,SEFERIHISAR,38.1950434188733,26.8367456667249,ABDI IBRAHIM   
116,8680001374199,Oluşturulmuş Şifre,8699514570332,2022-07-25 12:31:09,GRINTUSS PEDIATRIC SURUP                               ,Vitaminler,Diğer Takviyeler,Diğer Gıda Takviyeleri,1923144,ASLI,OZEN KAYA,İzmir,SEFERIHISAR,38.1950434188733,26.8367456667249,ABDI IBRAHIM   
117,8680001374199,Oluşturulmuş Şifre,8699514570332,2022-08-11 23:18:33,GRINTUSS PEDIATRIC SURUP                               ,Vitaminler,Diğer Takviyeler,Diğer Gıda Takviyeleri,1923144,ASLI,OZEN KAYA,İzmir,SEFERIHISAR,38.1950434188733,26.8367456667249,ABDI IBRAHIM   
118,8680001374199,Oluşturulmuş Şifre,8699514570332,2022-09-13 20:53:47,GRINTUSS PEDIATRIC SURUP                               ,Vitaminler,Diğer Takviyeler,Diğer Gıda Takviyeleri,1923144,ASLI,OZEN KAYA,İzmir,SEFERIHISAR,38.1950434188733,26.8367456667249,ABDI IBRAHIM   
119,8680001374199,Oluşturulmuş Şifre,8699514570332,2022-09-16 18:17:53,GRINTUSS PEDIATRIC SURUP                               ,Vitaminler,Diğer Takviyeler,Diğer Gıda Takviyeleri,1923144,ASLI,OZEN KAYA,İzmir,SEFERIHISAR,38.1950434188733,26.8367456667249,ABDI IBRAHIM   
120,8680001374199,Oluşturulmuş Şifre,8699514570332,2022-09-17 17:35:13,GRINTUSS PEDIATRIC SURUP                               ,Vitaminler,Diğer Takviyeler,Diğer Gıda Takviyeleri,1923144,ASLI,OZEN KAYA,İzmir,SEFERIHISAR,38.1950434188733,26.8367456667249,ABDI IBRAHIM   
121,8680001374199,Oluşturulmuş Şifre,8699514570332,2022-09-17 17:35:14,GRINTUSS PEDIATRIC SURUP                               ,Vitaminler,Diğer Takviyeler,Diğer Gıda Takviyeleri,1923144,ASLI,OZEN KAYA,İzmir,SEFERIHISAR,38.1950434188733,26.8367456667249,ABDI IBRAHIM   
122,8680001374199,Oluşturulmuş Şifre,8699514570332,2023-01-28 14:22:29,GRINTUSS PEDIATRIC SURUP                               ,Vitaminler,Diğer Takviyeler,Diğer Gıda Takviyeleri,1923144,ASLI,OZEN KAYA,İzmir,SEFERIHISAR,38.1950434188733,26.8367456667249,ABDI IBRAHIM   
123,8680001374199,Oluşturulmuş Şifre,8699514570332,2023-01-30 14:35:02,GRINTUSS PEDIATRIC SURUP                               ,Vitaminler,Diğer Takviyeler,Diğer Gıda Takviyeleri,1923144,ASLI,OZEN KAYA,İzmir,SEFERIHISAR,38.1950434188733,26.8367456667249,ABDI IBRAHIM   
124,8680001374199,Oluşturulmuş Şifre,8699514570332,2023-02-13 13:16:35,GRINTUSS PEDIATRIC SURUP                               ,Vitaminler,Diğer Takviyeler,Diğer Gıda Takviyeleri,1923144,ASLI,OZEN KAYA,İzmir,SEFERIHISAR,38.1950434188733,26.8367456667249,ABDI IBRAHIM   
125,8680001374199,Oluşturulmuş Şifre,8699514570332,2023-02-14 19:52:53,GRINTUSS PEDIATRIC SURUP                               ,Vitaminler,Diğer Takviyeler,Diğer Gıda Takviyeleri,1923144,ASLI,OZEN KAYA,İzmir,SEFERIHISAR,38.1950434188733,26.8367456667249,ABDI IBRAHIM   
126,8680001374199,Oluşturulmuş Şifre,8699514570332,2023-02-20 16:36:58,GRINTUSS PEDIATRIC SURUP                               ,Vitaminler,Diğer Takviyeler,Diğer Gıda Takviyeleri,1923144,ASLI,OZEN KAYA,İzmir,SEFERIHISAR,38.1950434188733,26.8367456667249,ABDI IBRAHIM   
127,8680001374199,Oluşturulmuş Şifre,8699514570332,2023-03-01 19:50:39,GRINTUSS PEDIATRIC SURUP                               ,Vitaminler,Diğer Takviyeler,Diğer Gıda Takviyeleri,1923144,ASLI,OZEN KAYA,İzmir,SEFERIHISAR,38.1950434188733,26.8367456667249,ABDI IBRAHIM   
128,8680001374199,Oluşturulmuş Şifre,8699514570332,2023-03-01 21:37:28,GRINTUSS PEDIATRIC SURUP                               ,Vitaminler,Diğer Takviyeler,Diğer Gıda Takviyeleri,1923144,ASLI,OZEN KAYA,İzmir,SEFERIHISAR,38.1950434188733,26.8367456667249,ABDI IBRAHIM   
129,8680001374199,Oluşturulmuş Şifre,8699514570332,2023-03-07 12:34:00,GRINTUSS PEDIATRIC SURUP                               ,Vitaminler,Diğer Takviyeler,Diğer Gıda Takviyeleri,1923144,ASLI,OZEN KAYA,İzmir,SEFERIHISAR,38.1950434188733,26.8367456667249,ABDI IBRAHIM   
130,8680001374199,Oluşturulmuş Şifre,8699514570332,2023-03-16 19:12:13,GRINTUSS PEDIATRIC SURUP                               ,Vitaminler,Diğer Takviyeler,Diğer Gıda Takviyeleri,1923144,ASLI,OZEN KAYA,İzmir,SEFERIHISAR,38.1950434188733,26.8367456667249,ABDI IBRAHIM   
131,8680001374199,Oluşturulmuş Şifre,8699514570332,2023-03-27 17:35:05,GRINTUSS PEDIATRIC SURUP                               ,Vitaminler,Diğer Takviyeler,Diğer Gıda Takviyeleri,1923144,ASLI,OZEN KAYA,İzmir,SEFERIHISAR,38.1950434188733,26.8367456667249,ABDI IBRAHIM   
132,8680001374199,Oluşturulmuş Şifre,8699514570332,2023-03-28 12:37:52,GRINTUSS PEDIATRIC SURUP                               ,Vitaminler,Diğer Takviyeler,Diğer Gıda Takviyeleri,1923144,ASLI,OZEN KAYA,İzmir,SEFERIHISAR,38.1950434188733,26.8367456667249,ABDI IBRAHIM   
133,8680001374199,Oluşturulmuş Şifre,8699514570332,2023-03-28 12:37:53,GRINTUSS PEDIATRIC SURUP                               ,Vitaminler,Diğer Takviyeler,Diğer Gıda Takviyeleri,1923144,ASLI,OZEN KAYA,İzmir,SEFERIHISAR,38.1950434188733,26.8367456667249,ABDI IBRAHIM   
134,8680001374199,Oluşturulmuş Şifre,8699514570332,2023-04-05 18:28:15,GRINTUSS PEDIATRIC SURUP                               ,Vitaminler,Diğer Takviyeler,Diğer Gıda Takviyeleri,1923144,ASLI,OZEN KAYA,İzmir,SEFERIHISAR,38.1950434188733,26.8367456667249,ABDI IBRAHIM   
135,8680001374199,Oluşturulmuş Şifre,8699514570332,2023-04-17 21:19:46,GRINTUSS PEDIATRIC SURUP                               ,Vitaminler,Diğer Takviyeler,Diğer Gıda Takviyeleri,1923144,ASLI,OZEN KAYA,İzmir,SEFERIHISAR,38.1950434188733,26.8367456667249,ABDI IBRAHIM   
136,8680001374199,Oluşturulmuş Şifre,8699514570332,2023-04-18 15:28:12,GRINTUSS PEDIATRIC SURUP                               ,Vitaminler,Diğer Takviyeler,Diğer Gıda Takviyeleri,1923144,ASLI,OZEN KAYA,İzmir,SEFERIHISAR,38.1950434188733,26.8367456667249,ABDI IBRAHIM   
137,8680001374199,Oluşturulmuş Şifre,8699514570332,2023-05-04 14:58:56,GRINTUSS PEDIATRIC SURUP                               ,Vitaminler,Diğer Takviyeler,Diğer Gıda Takviyeleri,1923144,ASLI,OZEN KAYA,İzmir,SEFERIHISAR,38.1950434188733,26.8367456667249,ABDI IBRAHIM   
138,8680001374199,Oluşturulmuş Şifre,8699514570332,2023-05-15 18:20:45,GRINTUSS PEDIATRIC SURUP                               ,Vitaminler,Diğer Takviyeler,Diğer Gıda Takviyeleri,1923144,ASLI,OZEN KAYA,İzmir,SEFERIHISAR,38.1950434188733,26.8367456667249,ABDI IBRAHIM   
139,8680001374199,Oluşturulmuş Şifre,8699514570332,2023-05-19 13:56:39,GRINTUSS PEDIATRIC SURUP                               ,Vitaminler,Diğer Takviyeler,Diğer Gıda Takviyeleri,1923144,ASLI,OZEN KAYA,İzmir,SEFERIHISAR,38.1950434188733,26.8367456667249,ABDI IBRAHIM   
140,8680001374199,Oluşturulmuş Şifre,8699514570332,2023-05-19 16:48:23,GRINTUSS PEDIATRIC SURUP                               ,Vitaminler,Diğer Takviyeler,Diğer Gıda Takviyeleri,1923144,ASLI,OZEN KAYA,İzmir,SEFERIHISAR,38.1950434188733,26.8367456667249,ABDI IBRAHIM   
141,8680001374199,Oluşturulmuş Şifre,8699514570332,2023-05-19 18:57:06,GRINTUSS PEDIATRIC SURUP                               ,Vitaminler,Diğer Takviyeler,Diğer Gıda Takviyeleri,1923144,ASLI,OZEN KAYA,İzmir,SEFERIHISAR,38.1950434188733,26.8367456667249,ABDI IBRAHIM   
142,8680001374199,Oluşturulmuş Şifre,8699514570332,2023-05-23 21:43:48,GRINTUSS PEDIATRIC SURUP                               ,Vitaminler,Diğer Takviyeler,Diğer Gıda Takviyeleri,1923144,ASLI,OZEN KAYA,İzmir,SEFERIHISAR,38.1950434188733,26.8367456667249,ABDI IBRAHIM   
143,8680001374199,Oluşturulmuş Şifre,8699514570332,2023-05-27 11:29:56,GRINTUSS PEDIATRIC SURUP                               ,Vitaminler,Diğer Takviyeler,Diğer Gıda Takviyeleri,1923144,ASLI,OZEN KAYA,İzmir,SEFERIHISAR,38.1950434188733,26.8367456667249,ABDI IBRAHIM   
144,8680001374199,Oluşturulmuş Şifre,8699514570332,2023-06-02 17:44:20,GRINTUSS PEDIATRIC SURUP                               ,Vitaminler,Diğer Takviyeler,Diğer Gıda Takviyeleri,1923144,ASLI,OZEN KAYA,İzmir,SEFERIHISAR,38.1950434188733,26.8367456667249,ABDI IBRAHIM   
145,8680001374199,Oluşturulmuş Şifre,8699514570332,2023-06-10 12:31:22,GRINTUSS PEDIATRIC SURUP                               ,Vitaminler,Diğer Takviyeler,Diğer Gıda Takviyeleri,1923144,ASLI,OZEN KAYA,İzmir,SEFERIHISAR,38.1950434188733,26.8367456667249,ABDI IBRAHIM   
146,8680001374199,Oluşturulmuş Şifre,8699514570332,2022-09-27 11:47:25,GRINTUSS PEDIATRIC SURUP                               ,Vitaminler,Diğer Takviyeler,Diğer Gıda Takviyeleri,1923144,ASLI,OZEN KAYA,İzmir,SEFERIHISAR,38.1950434188733,26.8367456667249,ABDI IBRAHIM   
147,8680001374199,Oluşturulmuş Şifre,8699514570332,2022-10-01 18:09:47,GRINTUSS PEDIATRIC SURUP                               ,Vitaminler,Diğer Takviyeler,Diğer Gıda Takviyeleri,1923144,ASLI,OZEN KAYA,İzmir,SEFERIHISAR,38.1950434188733,26.8367456667249,ABDI IBRAHIM   
148,8680001374199,Oluşturulmuş Şifre,8699514570332,2022-10-02 14:22:30,GRINTUSS PEDIATRIC SURUP                               ,Vitaminler,Diğer Takviyeler,Diğer Gıda Takviyeleri,1923144,ASLI,OZEN KAYA,İzmir,SEFERIHISAR,38.1950434188733,26.8367456667249,ABDI IBRAHIM   
149,8680001374199,Oluşturulmuş Şifre,8699514570332,2022-10-14 18:36:52,GRINTUSS PEDIATRIC SURUP                               ,Vitaminler,Diğer Takviyeler,Diğer Gıda Takviyeleri,1923144,ASLI,OZEN KAYA,İzmir,SEFERIHISAR,38.1950434188733,26.8367456667249,ABDI IBRAHIM   
150,8680001374199,Oluşturulmuş Şifre,8699514570332,2022-10-17 17:49:32,GRINTUSS PEDIATRIC SURUP                               ,Vitaminler,Diğer Takviyeler,Diğer Gıda Takviyeleri,1923144,ASLI,OZEN KAYA,İzmir,SEFERIHISAR,38.1950434188733,26.8367456667249,ABDI IBRAHIM   
151,8680001374199,Oluşturulmuş Şifre,8699514570332,2022-10-19 11:59:54,GRINTUSS PEDIATRIC SURUP                               ,Vitaminler,Diğer Takviyeler,Diğer Gıda Takviyeleri,1923144,ASLI,OZEN KAYA,İzmir,SEFERIHISAR,38.1950434188733,26.8367456667249,ABDI IBRAHIM   
152,8680001374199,Oluşturulmuş Şifre,8699514570332,2022-10-31 17:21:02,GRINTUSS PEDIATRIC SURUP                               ,Vitaminler,Diğer Takviyeler,Diğer Gıda Takviyeleri,1923144,ASLI,OZEN KAYA,İzmir,SEFERIHISAR,38.1950434188733,26.8367456667249,ABDI IBRAHIM   
153,8680001374199,Oluşturulmuş Şifre,8699514570332,2022-11-02 17:35:54,GRINTUSS PEDIATRIC SURUP                               ,Vitaminler,Diğer Takviyeler,Diğer Gıda Takviyeleri,1923144,ASLI,OZEN KAYA,İzmir,SEFERIHISAR,38.1950434188733,26.8367456667249,ABDI IBRAHIM   
154,8680001374199,Oluşturulmuş Şifre,8699514570332,2022-11-05 14:10:12,GRINTUSS PEDIATRIC SURUP                               ,Vitaminler,Diğer Takviyeler,Diğer Gıda Takviyeleri,1923144,ASLI,OZEN KAYA,İzmir,SEFERIHISAR,38.1950434188733,26.8367456667249,ABDI IBRAHIM   
155,8680001374199,Oluşturulmuş Şifre,8699514570332,2022-11-15 13:43:59,GRINTUSS PEDIATRIC SURUP                               ,Vitaminler,Diğer Takviyeler,Diğer Gıda Takviyeleri,1923144,ASLI,OZEN KAYA,İzmir,SEFERIHISAR,38.1950434188733,26.8367456667249,ABDI IBRAHIM   
156,8680001374199,Oluşturulmuş Şifre,8699514570332,2022-11-18 18:04:49,GRINTUSS PEDIATRIC SURUP                               ,Vitaminler,Diğer Takviyeler,Diğer Gıda Takviyeleri,1923144,ASLI,OZEN KAYA,İzmir,SEFERIHISAR,38.1950434188733,26.8367456667249,ABDI IBRAHIM   
157,8680001374199,Oluşturulmuş Şifre,8699514570332,2022-11-19 13:54:28,GRINTUSS PEDIATRIC SURUP                               ,Vitaminler,Diğer Takviyeler,Diğer Gıda Takviyeleri,1923144,ASLI,OZEN KAYA,İzmir,SEFERIHISAR,38.1950434188733,26.8367456667249,ABDI IBRAHIM   
158,8680001374199,Oluşturulmuş Şifre,8699546020393,2023-01-16 12:38:12,Supradyn Efervesan 15 Tablet,Vitaminler,Vitamin / Multivitamin,Multi Vitaminler,1950205,ASLI,OZEN KAYA,İzmir,SEFERIHISAR,38.1950434188733,26.8367456667249,BAYER CC       
159,8680001374199,Oluşturulmuş Şifre,8699546020393,2023-04-27 14:49:44,Supradyn Efervesan 15 Tablet,Vitaminler,Vitamin / Multivitamin,Multi Vitaminler,1950205,ASLI,OZEN KAYA,İzmir,SEFERIHISAR,38.1950434188733,26.8367456667249,BAYER CC       
160,8680001374199,Oluşturulmuş Şifre,8699546020393,2023-04-27 15:08:01,Supradyn Efervesan 15 Tablet,Vitaminler,Vitamin / Multivitamin,Multi Vitaminler,1950205,ASLI,OZEN KAYA,İzmir,SEFERIHISAR,38.1950434188733,26.8367456667249,BAYER CC       
161,8680001374199,Oluşturulmuş Şifre,8699546020393,2022-10-12 13:20:22,Supradyn Efervesan 15 Tablet,Vitaminler,Vitamin / Multivitamin,Multi Vitaminler,1950205,ASLI,OZEN KAYA,İzmir,SEFERIHISAR,38.1950434188733,26.8367456667249,BAYER CC       
162,8680001374199,Oluşturulmuş Şifre,8699546020393,2022-10-12 13:20:23,Supradyn Efervesan 15 Tablet,Vitaminler,Vitamin / Multivitamin,Multi Vitaminler,1950205,ASLI,OZEN KAYA,İzmir,SEFERIHISAR,38.1950434188733,26.8367456667249,BAYER CC       
163,8680001374199,Oluşturulmuş Şifre,8699546020393,2022-10-12 13:20:23,Supradyn Efervesan 15 Tablet,Vitaminler,Vitamin / Multivitamin,Multi Vitaminler,1950205,ASLI,OZEN KAYA,İzmir,SEFERIHISAR,38.1950434188733,26.8367456667249,BAYER CC       
164,8680001374199,Oluşturulmuş Şifre,8699546020393,2022-10-22 15:31:50,Supradyn Efervesan 15 Tablet,Vitaminler,Vitamin / Multivitamin,Multi Vitaminler,1950205,ASLI,OZEN KAYA,İzmir,SEFERIHISAR,38.1950434188733,26.8367456667249,BAYER CC       
165,8680001374199,Oluşturulmuş Şifre,8699546020454,2022-02-14 16:27:24,Redoxon Efervesan Üçlü Etki 2x15 Tablet,Vitaminler,Vitamin / Multivitamin,Multi Vitaminler,1950205,ASLI,OZEN KAYA,İzmir,SEFERIHISAR,38.1950434188733,26.8367456667249,BAYER CC       
166,8680001374199,Oluşturulmuş Şifre,8699546020454,2022-02-18 17:43:57,Redoxon Efervesan Üçlü Etki 2x15 Tablet,Vitaminler,Vitamin / Multivitamin,Multi Vitaminler,1950205,ASLI,OZEN KAYA,İzmir,SEFERIHISAR,38.1950434188733,26.8367456667249,BAYER CC       
167,8680001374199,Oluşturulmuş Şifre,8699546020454,2022-02-19 09:29:53,Redoxon Efervesan Üçlü Etki 2x15 Tablet,Vitaminler,Vitamin / Multivitamin,Multi Vitaminler,1950205,ASLI,OZEN KAYA,İzmir,SEFERIHISAR,38.1950434188733,26.8367456667249,BAYER CC       
168,8680001374199,Oluşturulmuş Şifre,8699546020454,2022-02-19 15:24:33,Redoxon Efervesan Üçlü Etki 2x15 Tablet,Vitaminler,Vitamin / Multivitamin,Multi Vitaminler,1950205,ASLI,OZEN KAYA,İzmir,SEFERIHISAR,38.1950434188733,26.8367456667249,BAYER CC       
169,8680001374199,Oluşturulmuş Şifre,8699546020454,2022-02-21 12:27:40,Redoxon Efervesan Üçlü Etki 2x15 Tablet,Vitaminler,Vitamin / Multivitamin,Multi Vitaminler,1950205,ASLI,OZEN KAYA,İzmir,SEFERIHISAR,38.1950434188733,26.8367456667249,BAYER CC       
170,8680001374199,Oluşturulmuş Şifre,8699546020454,2022-02-23 12:29:11,Redoxon Efervesan Üçlü Etki 2x15 Tablet,Vitaminler,Vitamin / Multivitamin,Multi Vitaminler,1950205,ASLI,OZEN KAYA,İzmir,SEFERIHISAR,38.1950434188733,26.8367456667249,BAYER CC       
171,8680001374199,Oluşturulmuş Şifre,8699546020454,2022-02-23 18:05:48,Redoxon Efervesan Üçlü Etki 2x15 Tablet,Vitaminler,Vitamin / Multivitamin,Multi Vitaminler,1950205,ASLI,OZEN KAYA,İzmir,SEFERIHISAR,38.1950434188733,26.8367456667249,BAYER CC       
172,8680001374199,Oluşturulmuş Şifre,8699546020454,2022-02-23 18:15:23,Redoxon Efervesan Üçlü Etki 2x15 Tablet,Vitaminler,Vitamin / Multivitamin,Multi Vitaminler,1950205,ASLI,OZEN KAYA,İzmir,SEFERIHISAR,38.1950434188733,26.8367456667249,BAYER CC       
173,8680001374199,Oluşturulmuş Şifre,8699546020454,2022-02-26 13:08:46,Redoxon Efervesan Üçlü Etki 2x15 Tablet,Vitaminler,Vitamin / Multivitamin,Multi Vitaminler,1950205,ASLI,OZEN KAYA,İzmir,SEFERIHISAR,38.1950434188733,26.8367456667249,BAYER CC       
174,8680001374199,Oluşturulmuş Şifre,8699546020454,2022-02-26 15:36:36,Redoxon Efervesan Üçlü Etki 2x15 Tablet,Vitaminler,Vitamin / Multivitamin,Multi Vitaminler,1950205,ASLI,OZEN KAYA,İzmir,SEFERIHISAR,38.1950434188733,26.8367456667249,BAYER CC       
175,8680001374199,Oluşturulmuş Şifre,8699546020454,2022-02-28 17:10:16,Redoxon Efervesan Üçlü Etki 2x15 Tablet,Vitaminler,Vitamin / Multivitamin,Multi Vitaminler,1950205,ASLI,OZEN KAYA,İzmir,SEFERIHISAR,38.1950434188733,26.8367456667249,BAYER CC       
176,8680001374199,Oluşturulmuş Şifre,8699546020454,2022-03-02 17:39:35,Redoxon Efervesan Üçlü Etki 2x15 Tablet,Vitaminler,Vitamin / Multivitamin,Multi Vitaminler,1950205,ASLI,OZEN KAYA,İzmir,SEFERIHISAR,38.1950434188733,26.8367456667249,BAYER CC       
177,8680001374199,Oluşturulmuş Şifre,8699546020454,2022-03-04 11:34:38,Redoxon Efervesan Üçlü Etki 2x15 Tablet,Vitaminler,Vitamin / Multivitamin,Multi Vitaminler,1950205,ASLI,OZEN KAYA,İzmir,SEFERIHISAR,38.1950434188733,26.8367456667249,BAYER CC       
178,8680001374199,Oluşturulmuş Şifre,8699546020454,2022-03-08 15:49:18,Redoxon Efervesan Üçlü Etki 2x15 Tablet,Vitaminler,Vitamin / Multivitamin,Multi Vitaminler,1950205,ASLI,OZEN KAYA,İzmir,SEFERIHISAR,38.1950434188733,26.8367456667249,BAYER CC       
179,8680001374199,Oluşturulmuş Şifre,8699546020454,2022-03-09 13:39:21,Redoxon Efervesan Üçlü Etki 2x15 Tablet,Vitaminler,Vitamin / Multivitamin,Multi Vitaminler,1950205,ASLI,OZEN KAYA,İzmir,SEFERIHISAR,38.1950434188733,26.8367456667249,BAYER CC       
180,8680001374199,Oluşturulmuş Şifre,8699546020454,2022-03-09 16:39:31,Redoxon Efervesan Üçlü Etki 2x15 Tablet,Vitaminler,Vitamin / Multivitamin,Multi Vitaminler,1950205,ASLI,OZEN KAYA,İzmir,SEFERIHISAR,38.1950434188733,26.8367456667249,BAYER CC       
181,8680001374199,Oluşturulmuş Şifre,8699546020454,2022-03-10 11:26:34,Redoxon Efervesan Üçlü Etki 2x15 Tablet,Vitaminler,Vitamin / Multivitamin,Multi Vitaminler,1950205,ASLI,OZEN KAYA,İzmir,SEFERIHISAR,38.1950434188733,26.8367456667249,BAYER CC       
182,8680001374199,Oluşturulmuş Şifre,8699546020454,2022-03-12 13:50:57,Redoxon Efervesan Üçlü Etki 2x15 Tablet,Vitaminler,Vitamin / Multivitamin,Multi Vitaminler,1950205,ASLI,OZEN KAYA,İzmir,SEFERIHISAR,38.1950434188733,26.8367456667249,BAYER CC       
183,8680001374199,Oluşturulmuş Şifre,8699546020454,2022-03-17 17:19:17,Redoxon Efervesan Üçlü Etki 2x15 Tablet,Vitaminler,Vitamin / Multivitamin,Multi Vitaminler,1950205,ASLI,OZEN KAYA,İzmir,SEFERIHISAR,38.1950434188733,26.8367456667249,BAYER CC       
184,8680001374199,Oluşturulmuş Şifre,8699546020454,2022-03-21 18:15:32,Redoxon Efervesan Üçlü Etki 2x15 Tablet,Vitaminler,Vitamin / Multivitamin,Multi Vitaminler,1950205,ASLI,OZEN KAYA,İzmir,SEFERIHISAR,38.1950434188733,26.8367456667249,BAYER CC       
185,8680001374199,Oluşturulmuş Şifre,8699546020454,2022-03-21 18:15:32,Redoxon Efervesan Üçlü Etki 2x15 Tablet,Vitaminler,Vitamin / Multivitamin,Multi Vitaminler,1950205,ASLI,OZEN KAYA,İzmir,SEFERIHISAR,38.1950434188733,26.8367456667249,BAYER CC       
186,8680001374199,Oluşturulmuş Şifre,8699546020454,2022-03-24 14:57:23,Redoxon Efervesan Üçlü Etki 2x15 Tablet,Vitaminler,Vitamin / Multivitamin,Multi Vitaminler,1950205,ASLI,OZEN KAYA,İzmir,SEFERIHISAR,38.1950434188733,26.8367456667249,BAYER CC       
187,8680001374199,Oluşturulmuş Şifre,8699546020454,2022-03-29 11:36:10,Redoxon Efervesan Üçlü Etki 2x15 Tablet,Vitaminler,Vitamin / Multivitamin,Multi Vitaminler,1950205,ASLI,OZEN KAYA,İzmir,SEFERIHISAR,38.1950434188733,26.8367456667249,BAYER CC       
188,8680001374199,Oluşturulmuş Şifre,8699546020454,2022-03-29 12:28:12,Redoxon Efervesan Üçlü Etki 2x15 Tablet,Vitaminler,Vitamin / Multivitamin,Multi Vitaminler,1950205,ASLI,OZEN KAYA,İzmir,SEFERIHISAR,38.1950434188733,26.8367456667249,BAYER CC       
189,8680001374199,Oluşturulmuş Şifre,8699546020454,2022-04-01 14:48:33,Redoxon Efervesan Üçlü Etki 2x15 Tablet,Vitaminler,Vitamin / Multivitamin,Multi Vitaminler,1950205,ASLI,OZEN KAYA,İzmir,SEFERIHISAR,38.1950434188733,26.8367456667249,BAYER CC       
190,8680001374199,Oluşturulmuş Şifre,8699546020454,2022-04-01 17:59:00,Redoxon Efervesan Üçlü Etki 2x15 Tablet,Vitaminler,Vitamin / Multivitamin,Multi Vitaminler,1950205,ASLI,OZEN KAYA,İzmir,SEFERIHISAR,38.1950434188733,26.8367456667249,BAYER CC       
191,8680001374199,Oluşturulmuş Şifre,8699546020454,2022-04-02 15:36:15,Redoxon Efervesan Üçlü Etki 2x15 Tablet,Vitaminler,Vitamin / Multivitamin,Multi Vitaminler,1950205,ASLI,OZEN KAYA,İzmir,SEFERIHISAR,38.1950434188733,26.8367456667249,BAYER CC       
192,8680001374199,Oluşturulmuş Şifre,8699546020454,2022-04-02 17:37:33,Redoxon Efervesan Üçlü Etki 2x15 Tablet,Vitaminler,Vitamin / Multivitamin,Multi Vitaminler,1950205,ASLI,OZEN KAYA,İzmir,SEFERIHISAR,38.1950434188733,26.8367456667249,BAYER CC       
193,8680001374199,Oluşturulmuş Şifre,8699546020454,2022-04-05 18:24:45,Redoxon Efervesan Üçlü Etki 2x15 Tablet,Vitaminler,Vitamin / Multivitamin,Multi Vitaminler,1950205,ASLI,OZEN KAYA,İzmir,SEFERIHISAR,38.1950434188733,26.8367456667249,BAYER CC       
194,8680001374199,Oluşturulmuş Şifre,8699546020454,2022-04-09 11:14:12,Redoxon Efervesan Üçlü Etki 2x15 Tablet,Vitaminler,Vitamin / Multivitamin,Multi Vitaminler,1950205,ASLI,OZEN KAYA,İzmir,SEFERIHISAR,38.1950434188733,26.8367456667249,BAYER CC       
195,8680001374199,Oluşturulmuş Şifre,8699546020454,2022-05-11 09:10:54,Redoxon Efervesan Üçlü Etki 2x15 Tablet,Vitaminler,Vitamin / Multivitamin,Multi Vitaminler,1950205,ASLI,OZEN KAYA,İzmir,SEFERIHISAR,38.1950434188733,26.8367456667249,BAYER CC       
196,8680001374199,Oluşturulmuş Şifre,8699546020454,2022-06-18 13:06:52,Redoxon Efervesan Üçlü Etki 2x15 Tablet,Vitaminler,Vitamin / Multivitamin,Multi Vitaminler,1950205,ASLI,OZEN KAYA,İzmir,SEFERIHISAR,38.1950434188733,26.8367456667249,BAYER CC       
197,8680001374199,Oluşturulmuş Şifre,8699546020454,2022-06-18 13:06:53,Redoxon Efervesan Üçlü Etki 2x15 Tablet,Vitaminler,Vitamin / Multivitamin,Multi Vitaminler,1950205,ASLI,OZEN KAYA,İzmir,SEFERIHISAR,38.1950434188733,26.8367456667249,BAYER CC       
198,8680001374199,Oluşturulmuş Şifre,8699546020454,2022-06-18 14:02:29,Redoxon Efervesan Üçlü Etki 2x15 Tablet,Vitaminler,Vitamin / Multivitamin,Multi Vitaminler,1950205,ASLI,OZEN KAYA,İzmir,SEFERIHISAR,38.1950434188733,26.8367456667249,BAYER CC       